1292017711;100;" ""  100,  0.99";  0.01;  0.50;" WON   0.10"""; ;WON;LOST;RATIO
1292017715;101;" ""  101,  0.99";  0.01;  0.50;" LOST  -0.10"""; ;;;
1292017719;102;" ""  102,  0.99";  0.01;  0.50;" WON   0.10"""; ;;;
1292017723;103;" ""  103,  0.99";  0.01;  0.50;" LOST  -0.25"""; ;3;7;0,428571429
1292017727;104;" ""  104,  0.99";  0.01;  0.50;" WON   0.10"""; ;;;
1292017731;105;" ""  105,  0.99";  0.01;  0.50;" LOST  -0.10"""; ;;;
1292017735;106;" ""  106,  0.99";  0.01;  0.50;" LOST  -0.10"""; ;;;
1292017739;107;" ""  107,  0.99";  0.01;  0.50;" LOST  -0.10"""; ;;;
1292017743;108;" ""  108,  0.99";  0.01;  0.50;" LOST  -0.10"""; ;;;
1292017747;109;" ""  109,  0.99";  0.01;  0.50;" LOST  -0.10"""; ;;;
1292018144;210;" ""  210,  0.99";  0.01;  0.50;" WON   0.10"""; ;;;
1292018148;211;" ""  211,  0.99";  0.01;  0.50;" LOST  -0.10"""; ;;;
1292018152;212;" ""  212,  0.99";  0.01;  0.50;" LOST  -0.10"""; ;;;
1292018156;213;" ""  213,  0.99";  0.01;  0.50;" LOST  -0.10"""; ;4;6;0,666666667
1292018160;214;" ""  214,  0.99";  0.01;  0.50;" WON   0.10"""; ;;;
1292018164;215;" ""  215,  0.99";  0.01;  0.50;" WON   0.10"""; ;;;
1292018168;216;" ""  216,  0.99";  0.01;  0.50;" LOST  -0.10"""; ;;;
1292018172;217;" ""  217,  0.99";  0.01;  0.50;" LOST  -0.10"""; ;;;
1292018176;218;" ""  218,  0.99";  0.01;  0.50;" LOST  -0.25"""; ;;;
1292018180;219;" ""  219,  0.99";  0.01;  0.50;" WON   0.10"""; ;;;
1292018561;320;" ""  320,  0.99";  0.01;  0.50;" LOST  -0.10"""; ;;;
1292018565;321;" ""  321,  0.99";  0.01;  0.50;" LOST  -0.10"""; ;;;
1292018569;322;" ""  322,  0.99";  0.01;  0.50;" LOST  -0.10"""; ;;;
1292018572;323;" ""  323,  0.99";  0.01;  0.50;" LOST  -0.10"""; ;1;9;0,111111111
1292018576;324;" ""  324,  0.99";  0.01;  0.50;" WON   0.10"""; ;;;
1292018580;325;" ""  325,  0.99";  0.01;  0.50;" LOST  -0.10"""; ;;;
1292018583;326;" ""  326,  0.99";  0.01;  0.50;" LOST   0.00"""; ;;;
1292018587;327;" ""  327,  0.99";  0.01;  0.50;" LOST  -0.10"""; ;;;
1292018591;328;" ""  328,  0.99";  0.01;  0.50;" LOST  -0.10"""; ;;;
1292018595;329;" ""  329,  0.99";  0.01;  0.50;" LOST  -0.10"""; ;;;
1292018979;430;" ""  430,  0.99";  0.01;  0.50;" LOST  -0.10"""; ;;;
1292018982;431;" ""  431,  0.99";  0.01;  0.50;" LOST  -0.10"""; ;;;
1292018986;432;" ""  432,  0.99";  0.01;  0.50;" LOST  -0.10"""; ;;;
1292018990;433;" ""  433,  0.99";  0.01;  0.50;" LOST  -0.10"""; ;2;8;0,25
1292018993;434;" ""  434,  0.99";  0.01;  0.50;" LOST  -0.10"""; ;;;
1292018997;435;" ""  435,  0.99";  0.01;  0.50;" LOST  -0.10"""; ;;;
1292019001;436;" ""  436,  0.99";  0.01;  0.50;" LOST  -0.10"""; ;;;
1292019005;437;" ""  437,  0.99";  0.01;  0.50;" LOST  -0.10"""; ;;;
1292019008;438;" ""  438,  0.99";  0.01;  0.50;" WON   0.10"""; ;;;
1292019012;439;" ""  439,  0.99";  0.01;  0.50;" WON   0.10"""; ;;;
1292019400;540;" ""  540,  0.99";  0.01;  0.50;" WON   0.10"""; ;;;
1292019404;541;" ""  541,  0.99";  0.01;  0.50;" WON   0.10"""; ;;;
1292019408;542;" ""  542,  0.99";  0.01;  0.50;" WON   0.10"""; ;;;
1292019412;543;" ""  543,  0.99";  0.01;  0.50;" LOST  -0.10"""; ;6;4;1,5
1292019416;544;" ""  544,  0.99";  0.01;  0.50;" WON   0.10"""; ;;;
1292019420;545;" ""  545,  0.99";  0.01;  0.50;" WON   0.10"""; ;;;
1292019424;546;" ""  546,  0.99";  0.01;  0.50;" LOST  -0.10"""; ;;;
1292019428;547;" ""  547,  0.99";  0.01;  0.50;" LOST  -0.10"""; ;;;
1292019432;548;" ""  548,  0.99";  0.01;  0.50;" WON   0.10"""; ;;;
1292019435;549;" ""  549,  0.99";  0.01;  0.50;" LOST  -0.10"""; ;;;
1292019882;650;" ""  650,  0.99";  0.01;  0.50;" LOST  -0.25"""; ;;;
1292019885;651;" ""  651,  0.99";  0.01;  0.50;" WON   0.10"""; ;;;
1292019889;652;" ""  652,  0.99";  0.01;  0.50;" LOST  -0.10"""; ;;;
1292019893;653;" ""  653,  0.99";  0.01;  0.50;" LOST   0.00"""; ;1;9;0,111111111
1292019896;654;" ""  654,  0.99";  0.01;  0.50;" LOST  -0.10"""; ;;;
1292019900;655;" ""  655,  0.99";  0.01;  0.50;" LOST  -0.10"""; ;;;
1292019904;656;" ""  656,  0.99";  0.01;  0.50;" LOST  -0.10"""; ;;;
1292019907;657;" ""  657,  0.99";  0.01;  0.50;" LOST  -0.10"""; ;;;
1292019911;658;" ""  658,  0.99";  0.01;  0.50;" LOST  -0.10"""; ;;;
1292019915;659;" ""  659,  0.99";  0.01;  0.50;" LOST  -0.25"""; ;;;
1292020292;760;" ""  760,  0.99";  0.01;  0.50;" LOST  -0.10"""; ;;;
1292020295;761;" ""  761,  0.99";  0.01;  0.50;" LOST  -0.10"""; ;;;
1292020301;762;" ""  762,  0.99";  0.01;  0.50;" LOST  -0.10"""; ;;;
1292020305;763;" ""  763,  0.99";  0.01;  0.50;" LOST  -0.10"""; ;1;9;0,111111111
1292020308;764;" ""  764,  0.99";  0.01;  0.50;" LOST  -0.10"""; ;;;
1292020312;765;" ""  765,  0.99";  0.01;  0.50;" LOST  -0.10"""; ;;;
1292020316;766;" ""  766,  0.99";  0.01;  0.50;" LOST  -0.10"""; ;;;
1292020320;767;" ""  767,  0.99";  0.01;  0.50;" WON   0.10"""; ;;;
1292020323;768;" ""  768,  0.99";  0.01;  0.50;" LOST  -0.10"""; ;;;
1292020327;769;" ""  769,  0.99";  0.01;  0.50;" LOST  -0.10"""; ;;;
1292020707;870;" ""  870,  0.99";  0.01;  0.50;" LOST  -0.10"""; ;;;
1292020711;871;" ""  871,  0.99";  0.01;  0.50;" WON   0.10"""; ;;;
1292020715;872;" ""  872,  0.99";  0.01;  0.50;" WON   0.10"""; ;;;
1292020718;873;" ""  873,  0.99";  0.01;  0.50;" WON   0.25"""; ;5;5;1
1292020722;874;" ""  874,  0.99";  0.01;  0.50;" LOST  -0.10"""; ;;;
1292020727;875;" ""  875,  0.99";  0.01;  0.50;" LOST  -0.10"""; ;;;
1292020732;876;" ""  876,  0.99";  0.01;  0.50;" WON   0.10"""; ;;;
1292020736;877;" ""  877,  0.99";  0.01;  0.50;" WON   0.10"""; ;;;
1292020739;878;" ""  878,  0.99";  0.01;  0.50;" LOST  -0.10"""; ;;;
1292020743;879;" ""  879,  0.99";  0.01;  0.50;" LOST  -0.10"""; ;;;
1292021124;980;" ""  980,  0.99";  0.01;  0.50;" LOST  -0.10"""; ;;;
1292021127;981;" ""  981,  0.99";  0.01;  0.50;" WON   0.10"""; ;;;
1292021131;982;" ""  982,  0.99";  0.01;  0.50;" WON   0.10"""; ;;;
1292021135;983;" ""  983,  0.99";  0.01;  0.50;" WON   0.10"""; ;4;6;0,666666667
1292021139;984;" ""  984,  0.99";  0.01;  0.50;" LOST  -0.10"""; ;;;
1292021142;985;" ""  985,  0.99";  0.01;  0.50;" LOST  -0.10"""; ;;;
1292021146;986;" ""  986,  0.99";  0.01;  0.50;" LOST   0.00"""; ;;;
1292021150;987;" ""  987,  0.99";  0.01;  0.50;" LOST  -0.10"""; ;;;
1292021154;988;" ""  988,  0.99";  0.01;  0.50;" WON   0.10"""; ;;;
1292021157;989;" ""  989,  0.99";  0.01;  0.50;" LOST   0.00"""; ;;;
1292021540;1090;" "" 1090,  0.99";  0.01;  0.50;" LOST  -0.10"""; ;;;
1292021543;1091;" "" 1091,  0.99";  0.01;  0.50;" LOST  -0.10"""; ;;;
1292021547;1092;" "" 1092,  0.99";  0.01;  0.50;" LOST  -0.10"""; ;;;
1292021551;1093;" "" 1093,  0.99";  0.01;  0.50;" LOST  -0.10"""; ;1;9;0,111111111
1292021554;1094;" "" 1094,  0.99";  0.01;  0.50;" LOST  -0.10"""; ;;;
1292021558;1095;" "" 1095,  0.99";  0.01;  0.50;" LOST  -0.10"""; ;;;
1292021562;1096;" "" 1096,  0.99";  0.01;  0.50;" LOST  -0.10"""; ;;;
1292021566;1097;" "" 1097,  0.99";  0.01;  0.50;" WON   0.10"""; ;;;
1292021569;1098;" "" 1098,  0.99";  0.01;  0.50;" LOST  -0.10"""; ;;;
1292021573;1099;" "" 1099,  0.99";  0.01;  0.50;" LOST  -0.10"""; ;;;
1292021952;1200;" "" 1200,  0.99";  0.01;  0.50;" LOST  -0.10"""; ;;;
1292021956;1201;" "" 1201,  0.99";  0.01;  0.50;" LOST  -0.10"""; ;;;
1292021959;1202;" "" 1202,  0.99";  0.01;  0.50;" LOST  -0.10"""; ;;;
1292021963;1203;" "" 1203,  0.99";  0.01;  0.50;" LOST  -0.10"""; ;0;10;0
1292021967;1204;" "" 1204,  0.99";  0.01;  0.50;" LOST  -0.10"""; ;;;
1292021970;1205;" "" 1205,  0.99";  0.01;  0.50;" LOST  -0.10"""; ;;;
1292021974;1206;" "" 1206,  0.99";  0.01;  0.50;" LOST  -0.10"""; ;;;
1292021978;1207;" "" 1207,  0.99";  0.01;  0.50;" LOST  -0.10"""; ;;;
1292021982;1208;" "" 1208,  0.99";  0.01;  0.50;" LOST  -0.10"""; ;;;
1292021985;1209;" "" 1209,  0.99";  0.01;  0.50;" LOST  -0.10"""; ;;;
1292022366;1310;" "" 1310,  0.99";  0.01;  0.50;" LOST  -0.10"""; ;;;
1292022369;1311;" "" 1311,  0.99";  0.01;  0.50;" LOST  -0.10"""; ;;;
1292022373;1312;" "" 1312,  0.99";  0.01;  0.50;" WON   0.10"""; ;;;
1292022377;1313;" "" 1313,  0.99";  0.01;  0.50;" WON   0.10"""; ;3;7;0,428571429
1292022380;1314;" "" 1314,  0.99";  0.01;  0.50;" WON   0.10"""; ;;;
1292022384;1315;" "" 1315,  0.99";  0.01;  0.50;" LOST  -0.10"""; ;;;
1292022388;1316;" "" 1316,  0.99";  0.01;  0.50;" LOST  -0.10"""; ;;;
1292022392;1317;" "" 1317,  0.99";  0.01;  0.50;" LOST  -0.10"""; ;;;
1292022395;1318;" "" 1318,  0.99";  0.01;  0.50;" LOST  -0.10"""; ;;;
1292022399;1319;" "" 1319,  0.99";  0.01;  0.50;" LOST  -0.10"""; ;;;
1292022779;1420;" "" 1420,  0.99";  0.01;  0.50;" LOST  -0.10"""; ;;;
1292022783;1421;" "" 1421,  0.99";  0.01;  0.50;" LOST  -0.10"""; ;;;
1292022786;1422;" "" 1422,  0.99";  0.01;  0.50;" LOST  -0.10"""; ;;;
1292022790;1423;" "" 1423,  0.99";  0.01;  0.50;" LOST  -0.10"""; ;0;10;0
1292022794;1424;" "" 1424,  0.99";  0.01;  0.50;" LOST  -0.10"""; ;;;
1292022798;1425;" "" 1425,  0.99";  0.01;  0.50;" LOST  -0.10"""; ;;;
1292022801;1426;" "" 1426,  0.99";  0.01;  0.50;" LOST  -0.10"""; ;;;
1292022805;1427;" "" 1427,  0.99";  0.01;  0.50;" LOST  -0.10"""; ;;;
1292022809;1428;" "" 1428,  0.99";  0.01;  0.50;" LOST  -0.25"""; ;;;
1292022812;1429;" "" 1429,  0.99";  0.01;  0.50;" LOST  -0.10"""; ;;;
1292023202;1530;" "" 1530,  0.99";  0.01;  0.50;" LOST  -0.10"""; ;;;
1292023206;1531;" "" 1531,  0.99";  0.01;  0.50;" WON   0.10"""; ;;;
1292023209;1532;" "" 1532,  0.99";  0.01;  0.50;" LOST  -0.10"""; ;;;
1292023213;1533;" "" 1533,  0.99";  0.01;  0.50;" LOST  -0.10"""; ;1;9;0,111111111
1292023217;1534;" "" 1534,  0.99";  0.01;  0.50;" LOST  -0.10"""; ;;;
1292023221;1535;" "" 1535,  0.99";  0.01;  0.50;" LOST  -0.10"""; ;;;
1292023224;1536;" "" 1536,  0.99";  0.01;  0.50;" LOST  -0.10"""; ;;;
1292023228;1537;" "" 1537,  0.99";  0.01;  0.50;" LOST  -0.10"""; ;;;
1292023232;1538;" "" 1538,  0.99";  0.01;  0.50;" LOST  -0.10"""; ;;;
1292023235;1539;" "" 1539,  0.99";  0.01;  0.50;" LOST  -0.10"""; ;;;
1292023622;1640;" "" 1640,  0.99";  0.01;  0.50;" LOST  -0.10"""; ;;;
1292023626;1641;" "" 1641,  0.99";  0.01;  0.50;" LOST  -0.10"""; ;;;
1292023629;1642;" "" 1642,  0.99";  0.01;  0.50;" LOST  -0.10"""; ;;;
1292023633;1643;" "" 1643,  0.99";  0.01;  0.50;" LOST  -0.10"""; ;2;8;0,25
1292023637;1644;" "" 1644,  0.99";  0.01;  0.50;" LOST  -0.10"""; ;;;
1292023641;1645;" "" 1645,  0.99";  0.01;  0.50;" LOST  -0.10"""; ;;;
1292023644;1646;" "" 1646,  0.99";  0.01;  0.50;" LOST  -0.10"""; ;;;
1292023648;1647;" "" 1647,  0.99";  0.01;  0.50;" WON   0.10"""; ;;;
1292023652;1648;" "" 1648,  0.99";  0.01;  0.50;" LOST  -0.10"""; ;;;
1292023656;1649;" "" 1649,  0.99";  0.01;  0.50;" WON   0.10"""; ;;;
1292024047;1750;" "" 1750,  0.99";  0.01;  0.50;" WON   0.10"""; ;;;
1292024050;1751;" "" 1751,  0.99";  0.01;  0.50;" LOST  -0.10"""; ;;;
1292024054;1752;" "" 1752,  0.99";  0.01;  0.50;" LOST  -0.10"""; ;;;
1292024059;1753;" "" 1753,  0.99";  0.01;  0.50;" LOST  -0.10"""; ;1;9;0,111111111
1292024063;1754;" "" 1754,  0.99";  0.01;  0.50;" LOST  -0.10"""; ;;;
1292024067;1755;" "" 1755,  0.99";  0.01;  0.50;" LOST  -0.10"""; ;;;
1292024070;1756;" "" 1756,  0.99";  0.01;  0.50;" LOST  -0.10"""; ;;;
1292024074;1757;" "" 1757,  0.99";  0.01;  0.50;" LOST  -0.10"""; ;;;
1292024078;1758;" "" 1758,  0.99";  0.01;  0.50;" LOST  -0.10"""; ;;;
1292024082;1759;" "" 1759,  0.99";  0.01;  0.50;" LOST  -0.10"""; ;;;
1292024461;1860;" "" 1860,  0.99";  0.01;  0.50;" WON   0.10"""; ;;;
1292024465;1861;" "" 1861,  0.99";  0.01;  0.50;" LOST  -0.10"""; ;;;
1292024469;1862;" "" 1862,  0.99";  0.01;  0.50;" WON   0.10"""; ;;;
1292024472;1863;" "" 1863,  0.99";  0.01;  0.50;" WON   0.10"""; ;3;7;0,428571429
1292024476;1864;" "" 1864,  0.99";  0.01;  0.50;" LOST  -0.10"""; ;;;
1292024480;1865;" "" 1865,  0.99";  0.01;  0.50;" LOST  -0.10"""; ;;;
1292024484;1866;" "" 1866,  0.99";  0.01;  0.50;" LOST  -0.10"""; ;;;
1292024488;1867;" "" 1867,  0.99";  0.01;  0.50;" LOST   0.00"""; ;;;
1292024491;1868;" "" 1868,  0.99";  0.01;  0.50;" LOST  -0.10"""; ;;;
1292024495;1869;" "" 1869,  0.99";  0.01;  0.50;" LOST  -0.10"""; ;;;
1292024874;1970;" "" 1970,  0.99";  0.01;  0.50;" WON   0.10"""; ;;;
1292024877;1971;" "" 1971,  0.99";  0.01;  0.50;" LOST  -0.10"""; ;;;
1292024881;1972;" "" 1972,  0.99";  0.01;  0.50;" LOST  -0.10"""; ;;;
1292024885;1973;" "" 1973,  0.99";  0.01;  0.50;" LOST  -0.10"""; ;2;8;0,25
1292024888;1974;" "" 1974,  0.99";  0.01;  0.50;" LOST  -0.10"""; ;;;
1292024892;1975;" "" 1975,  0.99";  0.01;  0.50;" LOST  -0.10"""; ;;;
1292024896;1976;" "" 1976,  0.99";  0.01;  0.50;" WON   0.10"""; ;;;
1292024900;1977;" "" 1977,  0.99";  0.01;  0.50;" LOST  -0.10"""; ;;;
1292024903;1978;" "" 1978,  0.99";  0.01;  0.50;" LOST  -0.10"""; ;;;
1292024907;1979;" "" 1979,  0.99";  0.01;  0.50;" LOST  -0.10"""; ;;;
1292025290;2080;" "" 2080,  0.99";  0.01;  0.50;" LOST  -0.10"""; ;;;
1292025294;2081;" "" 2081,  0.99";  0.01;  0.50;" WON   0.10"""; ;;;
1292025298;2082;" "" 2082,  0.99";  0.01;  0.50;" LOST  -0.10"""; ;;;
1292025302;2083;" "" 2083,  0.99";  0.01;  0.50;" WON   0.10"""; ;5;5;1
1292025305;2084;" "" 2084,  0.99";  0.01;  0.50;" LOST  -0.10"""; ;;;
1292025309;2085;" "" 2085,  0.99";  0.01;  0.50;" WON   0.10"""; ;;;
1292025313;2086;" "" 2086,  0.99";  0.01;  0.50;" WON   0.10"""; ;;;
1292025316;2087;" "" 2087,  0.99";  0.01;  0.50;" WON   0.10"""; ;;;
1292025320;2088;" "" 2088,  0.99";  0.01;  0.50;" LOST  -0.10"""; ;;;
1292025324;2089;" "" 2089,  0.99";  0.01;  0.50;" LOST  -0.25"""; ;;;
1292025711;2190;" "" 2190,  0.99";  0.01;  0.50;" LOST  -0.10"""; ;;;
1292025715;2191;" "" 2191,  0.99";  0.01;  0.50;" LOST  -0.10"""; ;;;
1292025719;2192;" "" 2192,  0.99";  0.01;  0.50;" LOST  -0.10"""; ;;;
1292025722;2193;" "" 2193,  0.99";  0.01;  0.50;" LOST  -0.10"""; ;0;10;0
1292025726;2194;" "" 2194,  0.99";  0.01;  0.50;" LOST  -0.10"""; ;;;
1292025732;2195;" "" 2195,  0.99";  0.01;  0.50;" LOST  -0.10"""; ;;;
1292025735;2196;" "" 2196,  0.99";  0.01;  0.50;" LOST  -0.10"""; ;;;
1292025739;2197;" "" 2197,  0.99";  0.01;  0.50;" LOST  -0.10"""; ;;;
1292025743;2198;" "" 2198,  0.99";  0.01;  0.50;" LOST  -0.10"""; ;;;
1292025747;2199;" "" 2199,  0.99";  0.01;  0.50;" LOST  -0.10"""; ;;;
1292026133;2300;" "" 2300,  0.99";  0.01;  0.50;" LOST  -0.10"""; ;;;
1292026138;2301;" "" 2301,  0.99";  0.01;  0.50;" LOST  -0.10"""; ;;;
1292026142;2302;" "" 2302,  0.99";  0.01;  0.50;" LOST  -0.10"""; ;;;
1292026146;2303;" "" 2303,  0.99";  0.01;  0.50;" LOST  -0.10"""; ;0;10;0
1292026150;2304;" "" 2304,  0.99";  0.01;  0.50;" LOST  -0.10"""; ;;;
1292026153;2305;" "" 2305,  0.99";  0.01;  0.50;" LOST  -0.10"""; ;;;
1292026157;2306;" "" 2306,  0.99";  0.01;  0.50;" LOST  -0.10"""; ;;;
1292026161;2307;" "" 2307,  0.99";  0.01;  0.50;" LOST  -0.10"""; ;;;
1292026165;2308;" "" 2308,  0.99";  0.01;  0.50;" LOST  -0.25"""; ;;;
1292026169;2309;" "" 2309,  0.99";  0.01;  0.50;" LOST  -0.10"""; ;;;
1292026558;2410;" "" 2410,  0.99";  0.01;  0.50;" LOST  -0.10"""; ;;;
1292026562;2411;" "" 2411,  0.99";  0.01;  0.50;" LOST  -0.10"""; ;;;
1292026566;2412;" "" 2412,  0.99";  0.01;  0.50;" WON   0.10"""; ;;;
1292026569;2413;" "" 2413,  0.99";  0.01;  0.50;" WON   0.10"""; ;3;7;0,428571429
1292026573;2414;" "" 2414,  0.99";  0.01;  0.50;" LOST  -0.10"""; ;;;
1292026577;2415;" "" 2415,  0.99";  0.01;  0.50;" LOST  -0.10"""; ;;;
1292026581;2416;" "" 2416,  0.99";  0.01;  0.50;" WON   0.10"""; ;;;
1292026584;2417;" "" 2417,  0.99";  0.01;  0.50;" LOST  -0.10"""; ;;;
1292026588;2418;" "" 2418,  0.99";  0.01;  0.50;" LOST  -0.10"""; ;;;
1292026592;2419;" "" 2419,  0.99";  0.01;  0.50;" LOST  -0.10"""; ;;;
1292026982;2520;" "" 2520,  0.99";  0.01;  0.50;" WON   0.10"""; ;;;
1292026986;2521;" "" 2521,  0.99";  0.01;  0.50;" LOST  -0.10"""; ;;;
1292026989;2522;" "" 2522,  0.99";  0.01;  0.50;" WON   0.10"""; ;;;
1292026993;2523;" "" 2523,  0.99";  0.01;  0.50;" WON   0.10"""; ;3;7;0,428571429
1292026997;2524;" "" 2524,  0.99";  0.01;  0.50;" LOST  -0.10"""; ;;;
1292027000;2525;" "" 2525,  0.99";  0.01;  0.50;" LOST  -0.10"""; ;;;
1292027004;2526;" "" 2526,  0.99";  0.01;  0.50;" LOST  -0.10"""; ;;;
1292027008;2527;" "" 2527,  0.99";  0.01;  0.50;" LOST  -0.10"""; ;;;
1292027012;2528;" "" 2528,  0.99";  0.01;  0.50;" LOST  -0.10"""; ;;;
1292027015;2529;" "" 2529,  0.99";  0.01;  0.50;" LOST  -0.10"""; ;;;
1292027399;2630;" "" 2630,  0.99";  0.01;  0.50;" LOST  -0.10"""; ;;;
1292027403;2631;" "" 2631,  0.99";  0.01;  0.50;" LOST  -0.10"""; ;;;
1292027407;2632;" "" 2632,  0.99";  0.01;  0.50;" LOST  -0.10"""; ;;;
1292027410;2633;" "" 2633,  0.99";  0.01;  0.50;" LOST  -0.10"""; ;1;9;0,111111111
1292027414;2634;" "" 2634,  0.99";  0.01;  0.50;" LOST  -0.10"""; ;;;
1292027418;2635;" "" 2635,  0.99";  0.01;  0.50;" LOST  -0.10"""; ;;;
1292027421;2636;" "" 2636,  0.99";  0.01;  0.50;" LOST  -0.10"""; ;;;
1292027425;2637;" "" 2637,  0.99";  0.01;  0.50;" LOST  -0.10"""; ;;;
1292027429;2638;" "" 2638,  0.99";  0.01;  0.50;" LOST  -0.10"""; ;;;
1292027433;2639;" "" 2639,  0.99";  0.01;  0.50;" WON   0.10"""; ;;;
1292027822;2740;" "" 2740,  0.99";  0.01;  0.50;" LOST  -0.10"""; ;;;
1292027826;2741;" "" 2741,  0.99";  0.01;  0.50;" LOST  -0.10"""; ;;;
1292027829;2742;" "" 2742,  0.99";  0.01;  0.50;" LOST  -0.10"""; ;;;
1292027833;2743;" "" 2743,  0.99";  0.01;  0.50;" LOST  -0.10"""; ;1;9;0,111111111
1292027837;2744;" "" 2744,  0.99";  0.01;  0.50;" LOST  -0.10"""; ;;;
1292027841;2745;" "" 2745,  0.99";  0.01;  0.50;" LOST  -0.10"""; ;;;
1292027844;2746;" "" 2746,  0.99";  0.01;  0.50;" LOST  -0.10"""; ;;;
1292027848;2747;" "" 2747,  0.99";  0.01;  0.50;" LOST  -0.10"""; ;;;
1292027852;2748;" "" 2748,  0.99";  0.01;  0.50;" LOST  -0.10"""; ;;;
1292027856;2749;" "" 2749,  0.99";  0.01;  0.50;" WON   0.10"""; ;;;
1292028247;2850;" "" 2850,  0.99";  0.01;  0.50;" LOST  -0.10"""; ;;;
1292028251;2851;" "" 2851,  0.99";  0.01;  0.50;" LOST  -0.10"""; ;;;
1292028255;2852;" "" 2852,  0.99";  0.01;  0.50;" LOST  -0.10"""; ;;;
1292028259;2853;" "" 2853,  0.99";  0.01;  0.50;" LOST  -0.10"""; ;0;10;0
1292028262;2854;" "" 2854,  0.99";  0.01;  0.50;" LOST  -0.10"""; ;;;
1292028266;2855;" "" 2855,  0.99";  0.01;  0.50;" LOST  -0.10"""; ;;;
1292028270;2856;" "" 2856,  0.99";  0.01;  0.50;" LOST  -0.10"""; ;;;
1292028273;2857;" "" 2857,  0.99";  0.01;  0.50;" LOST  -0.10"""; ;;;
1292028277;2858;" "" 2858,  0.99";  0.01;  0.50;" LOST  -0.10"""; ;;;
1292028281;2859;" "" 2859,  0.99";  0.01;  0.50;" LOST  -0.10"""; ;;;
1292028667;2960;" "" 2960,  0.99";  0.01;  0.50;" LOST  -0.10"""; ;;;
1292028671;2961;" "" 2961,  0.99";  0.01;  0.50;" LOST  -0.10"""; ;;;
1292028675;2962;" "" 2962,  0.99";  0.01;  0.50;" LOST  -0.10"""; ;;;
1292028678;2963;" "" 2963,  0.99";  0.01;  0.50;" WON   0.10"""; ;4;6;0,666666667
1292028682;2964;" "" 2964,  0.99";  0.01;  0.50;" LOST  -0.10"""; ;;;
1292028686;2965;" "" 2965,  0.99";  0.01;  0.50;" LOST  -0.10"""; ;;;
1292028690;2966;" "" 2966,  0.99";  0.01;  0.50;" LOST  -0.10"""; ;;;
1292028693;2967;" "" 2967,  0.99";  0.01;  0.50;" WON   0.10"""; ;;;
1292028697;2968;" "" 2968,  0.99";  0.01;  0.50;" WON   0.10"""; ;;;
1292028701;2969;" "" 2969,  0.99";  0.01;  0.50;" WON   0.10"""; ;;;
1292029091;3070;" "" 3070,  0.99";  0.01;  0.50;" LOST  -0.10"""; ;;;
1292029095;3071;" "" 3071,  0.99";  0.01;  0.50;" LOST  -0.10"""; ;;;
1292029099;3072;" "" 3072,  0.99";  0.01;  0.50;" LOST  -0.10"""; ;;;
1292029103;3073;" "" 3073,  0.99";  0.01;  0.50;" LOST  -0.10"""; ;2;8;0,25
1292029106;3074;" "" 3074,  0.99";  0.01;  0.50;" WON   0.10"""; ;;;
1292029110;3075;" "" 3075,  0.99";  0.01;  0.50;" LOST  -0.10"""; ;;;
1292029114;3076;" "" 3076,  0.99";  0.01;  0.50;" LOST  -0.10"""; ;;;
1292029118;3077;" "" 3077,  0.99";  0.01;  0.50;" LOST  -0.10"""; ;;;
1292029122;3078;" "" 3078,  0.99";  0.01;  0.50;" WON   0.10"""; ;;;
1292029125;3079;" "" 3079,  0.99";  0.01;  0.50;" LOST   0.00"""; ;;;
1292029514;3180;" "" 3180,  0.99";  0.01;  0.50;" WON   0.10"""; ;;;
1292029518;3181;" "" 3181,  0.99";  0.01;  0.50;" LOST  -0.10"""; ;;;
1292029522;3182;" "" 3182,  0.99";  0.01;  0.50;" LOST  -0.10"""; ;;;
1292029525;3183;" "" 3183,  0.99";  0.01;  0.50;" LOST  -0.10"""; ;2;8;0,25
1292029529;3184;" "" 3184,  0.99";  0.01;  0.50;" LOST  -0.10"""; ;;;
1292029533;3185;" "" 3185,  0.99";  0.01;  0.50;" LOST  -0.10"""; ;;;
1292029537;3186;" "" 3186,  0.99";  0.01;  0.50;" LOST  -0.10"""; ;;;
1292029540;3187;" "" 3187,  0.99";  0.01;  0.50;" WON   0.10"""; ;;;
1292029544;3188;" "" 3188,  0.99";  0.01;  0.50;" LOST  -0.10"""; ;;;
1292029548;3189;" "" 3189,  0.99";  0.01;  0.50;" LOST  -0.10"""; ;;;
1292029936;3290;" "" 3290,  0.99";  0.01;  0.50;" LOST  -0.10"""; ;;;
1292029940;3291;" "" 3291,  0.99";  0.01;  0.50;" LOST  -0.10"""; ;;;
1292029944;3292;" "" 3292,  0.99";  0.01;  0.50;" LOST  -0.25"""; ;;;
1292029948;3293;" "" 3293,  0.99";  0.01;  0.50;" LOST  -0.10"""; ;1;9;0,111111111
1292029951;3294;" "" 3294,  0.99";  0.01;  0.50;" LOST  -0.10"""; ;;;
1292029955;3295;" "" 3295,  0.99";  0.01;  0.50;" LOST  -0.10"""; ;;;
1292029959;3296;" "" 3296,  0.99";  0.01;  0.50;" LOST  -0.10"""; ;;;
1292029963;3297;" "" 3297,  0.99";  0.01;  0.50;" LOST  -0.10"""; ;;;
1292029966;3298;" "" 3298,  0.99";  0.01;  0.50;" WON   0.10"""; ;;;
1292029970;3299;" "" 3299,  0.99";  0.01;  0.50;" LOST  -0.10"""; ;;;
1292030363;3400;" "" 3400,  0.99";  0.01;  0.50;" LOST  -0.10"""; ;;;
1292030366;3401;" "" 3401,  0.99";  0.01;  0.50;" LOST  -0.10"""; ;;;
1292030370;3402;" "" 3402,  0.99";  0.01;  0.50;" LOST  -0.10"""; ;;;
1292030374;3403;" "" 3403,  0.99";  0.01;  0.50;" LOST  -0.10"""; ;0;10;0
1292030378;3404;" "" 3404,  0.99";  0.01;  0.50;" LOST  -0.10"""; ;;;
1292030381;3405;" "" 3405,  0.99";  0.01;  0.50;" LOST  -0.10"""; ;;;
1292030385;3406;" "" 3406,  0.99";  0.01;  0.50;" LOST  -0.10"""; ;;;
1292030389;3407;" "" 3407,  0.99";  0.01;  0.50;" LOST  -0.10"""; ;;;
1292030393;3408;" "" 3408,  0.99";  0.01;  0.50;" LOST  -0.10"""; ;;;
1292030396;3409;" "" 3409,  0.99";  0.01;  0.50;" LOST  -0.10"""; ;;;
1292030779;3510;" "" 3510,  0.99";  0.01;  0.50;" LOST  -0.10"""; ;;;
1292030783;3511;" "" 3511,  0.99";  0.01;  0.50;" LOST  -0.10"""; ;;;
1292030786;3512;" "" 3512,  0.99";  0.01;  0.50;" LOST  -0.10"""; ;;;
1292030790;3513;" "" 3513,  0.99";  0.01;  0.50;" LOST  -0.25"""; ;2;8;0,25
1292030794;3514;" "" 3514,  0.99";  0.01;  0.50;" LOST  -0.10"""; ;;;
1292030798;3515;" "" 3515,  0.99";  0.01;  0.50;" LOST  -0.10"""; ;;;
1292030801;3516;" "" 3516,  0.99";  0.01;  0.50;" LOST  -0.10"""; ;;;
1292030805;3517;" "" 3517,  0.99";  0.01;  0.50;" WON   0.10"""; ;;;
1292030809;3518;" "" 3518,  0.99";  0.01;  0.50;" WON   0.10"""; ;;;
1292030812;3519;" "" 3519,  0.99";  0.01;  0.50;" LOST  -0.10"""; ;;;
1292031195;3620;" "" 3620,  0.99";  0.01;  0.50;" LOST  -0.10"""; ;;;
1292031198;3621;" "" 3621,  0.99";  0.01;  0.50;" LOST  -0.10"""; ;;;
1292031204;3622;" "" 3622,  0.99";  0.01;  0.50;" LOST  -0.10"""; ;;;
1292031208;3623;" "" 3623,  0.99";  0.01;  0.50;" LOST  -0.10"""; ;1;9;0,111111111
1292031211;3624;" "" 3624,  0.99";  0.01;  0.50;" LOST  -0.10"""; ;;;
1292031217;3625;" "" 3625,  0.99";  0.01;  0.50;" LOST  -0.10"""; ;;;
1292031220;3626;" "" 3626,  0.99";  0.01;  0.50;" WON   0.10"""; ;;;
1292031224;3627;" "" 3627,  0.99";  0.01;  0.50;" LOST  -0.10"""; ;;;
1292031228;3628;" "" 3628,  0.99";  0.01;  0.50;" LOST  -0.10"""; ;;;
1292031232;3629;" "" 3629,  0.99";  0.01;  0.50;" LOST  -0.10"""; ;;;
1292031615;3730;" "" 3730,  0.99";  0.01;  0.50;" LOST  -0.10"""; ;;;
1292031619;3731;" "" 3731,  0.99";  0.01;  0.50;" WON   0.10"""; ;;;
1292031623;3732;" "" 3732,  0.99";  0.01;  0.50;" WON   0.10"""; ;;;
1292031626;3733;" "" 3733,  0.99";  0.01;  0.50;" LOST   0.00"""; ;5;5;1
1292031630;3734;" "" 3734,  0.99";  0.01;  0.50;" WON   0.10"""; ;;;
1292031634;3735;" "" 3735,  0.99";  0.01;  0.50;" LOST  -0.10"""; ;;;
1292031637;3736;" "" 3736,  0.99";  0.01;  0.50;" LOST  -0.10"""; ;;;
1292031641;3737;" "" 3737,  0.99";  0.01;  0.50;" WON   0.10"""; ;;;
1292031645;3738;" "" 3738,  0.99";  0.01;  0.50;" WON   0.10"""; ;;;
1292031648;3739;" "" 3739,  0.99";  0.01;  0.50;" LOST  -0.10"""; ;;;
1292063980;3840;" "" 3840,  0.99";  0.01;  0.50;" WON   0.10"""; ;;;
1292063985;3841;" "" 3841,  0.99";  0.01;  0.50;" LOST  -0.10"""; ;;;
1292063988;3842;" "" 3842,  0.99";  0.01;  0.50;" WON   0.10"""; ;;;
1292063992;3843;" "" 3843,  0.99";  0.01;  0.50;" LOST  -0.10"""; ;4;6;0,666666667
1292063996;3844;" "" 3844,  0.99";  0.01;  0.50;" LOST  -0.10"""; ;;;
1292064000;3845;" "" 3845,  0.99";  0.01;  0.50;" WON   0.10"""; ;;;
1292064004;3846;" "" 3846,  0.99";  0.01;  0.50;" WON   0.10"""; ;;;
1292064008;3847;" "" 3847,  0.99";  0.01;  0.50;" LOST  -0.10"""; ;;;
1292064012;3848;" "" 3848,  0.99";  0.01;  0.50;" LOST  -0.10"""; ;;;
1292064016;3849;" "" 3849,  0.99";  0.01;  0.50;" LOST  -0.10"""; ;;;
1292064422;3950;" "" 3950,  0.99";  0.01;  0.50;" LOST  -0.10"""; ;;;
1292064426;3951;" "" 3951,  0.99";  0.01;  0.50;" LOST  -0.10"""; ;;;
1292064429;3952;" "" 3952,  0.99";  0.01;  0.50;" LOST  -0.10"""; ;;;
1292064433;3953;" "" 3953,  0.99";  0.01;  0.50;" LOST  -0.10"""; ;2;8;0,25
1292064437;3954;" "" 3954,  0.99";  0.01;  0.50;" LOST  -0.10"""; ;;;
1292064440;3955;" "" 3955,  0.99";  0.01;  0.50;" LOST  -0.25"""; ;;;
1292064444;3956;" "" 3956,  0.99";  0.01;  0.50;" LOST  -0.10"""; ;;;
1292064448;3957;" "" 3957,  0.99";  0.01;  0.50;" WON   0.10"""; ;;;
1292064451;3958;" "" 3958,  0.99";  0.01;  0.50;" WON   0.10"""; ;;;
1292064457;3959;" "" 3959,  0.99";  0.01;  0.50;" LOST  -0.10"""; ;;;
1292064853;4060;" "" 4060,  0.99";  0.01;  0.50;" WON   0.10"""; ;;;
1292064857;4061;" "" 4061,  0.99";  0.01;  0.50;" WON   0.10"""; ;;;
1292064860;4062;" "" 4062,  0.99";  0.01;  0.50;" LOST  -0.10"""; ;;;
1292064864;4063;" "" 4063,  0.99";  0.01;  0.50;" LOST  -0.10"""; ;3;7;0,428571429
1292064868;4064;" "" 4064,  0.99";  0.01;  0.50;" WON   0.10"""; ;;;
1292064871;4065;" "" 4065,  0.99";  0.01;  0.50;" LOST  -0.10"""; ;;;
1292064875;4066;" "" 4066,  0.99";  0.01;  0.50;" LOST  -0.10"""; ;;;
1292064879;4067;" "" 4067,  0.99";  0.01;  0.50;" LOST  -0.10"""; ;;;
1292064882;4068;" "" 4068,  0.99";  0.01;  0.50;" LOST  -0.10"""; ;;;
1292064886;4069;" "" 4069,  0.99";  0.01;  0.50;" LOST  -0.10"""; ;;;
1292065280;4170;" "" 4170,  0.99";  0.01;  0.50;" WON   0.10"""; ;;;
1292065284;4171;" "" 4171,  0.99";  0.01;  0.50;" LOST  -0.10"""; ;;;
1292065288;4172;" "" 4172,  0.99";  0.01;  0.50;" LOST  -0.10"""; ;;;
1292065292;4173;" "" 4173,  0.99";  0.01;  0.50;" WON   0.10"""; ;3;7;0,428571429
1292065295;4174;" "" 4174,  0.99";  0.01;  0.50;" LOST  -0.25"""; ;;;
1292065299;4175;" "" 4175,  0.99";  0.01;  0.50;" WON   0.10"""; ;;;
1292065303;4176;" "" 4176,  0.99";  0.01;  0.50;" LOST  -0.10"""; ;;;
1292065306;4177;" "" 4177,  0.99";  0.01;  0.50;" LOST  -0.10"""; ;;;
1292065310;4178;" "" 4178,  0.99";  0.01;  0.50;" LOST  -0.10"""; ;;;
1292065314;4179;" "" 4179,  0.99";  0.01;  0.50;" LOST  -0.10"""; ;;;
1292065706;4280;" "" 4280,  0.99";  0.01;  0.50;" WON   0.10"""; ;;;
1292065710;4281;" "" 4281,  0.99";  0.01;  0.50;" LOST  -0.10"""; ;;;
1292065713;4282;" "" 4282,  0.99";  0.01;  0.50;" LOST  -0.10"""; ;;;
1292065717;4283;" "" 4283,  0.99";  0.01;  0.50;" WON   0.10"""; ;2;8;0,25
1292065721;4284;" "" 4284,  0.99";  0.01;  0.50;" LOST  -0.40"""; ;;;
1292065724;4285;" "" 4285,  0.99";  0.01;  0.50;" LOST  -0.10"""; ;;;
1292065728;4286;" "" 4286,  0.99";  0.01;  0.50;" LOST  -0.10"""; ;;;
1292065732;4287;" "" 4287,  0.99";  0.01;  0.50;" LOST  -0.10"""; ;;;
1292065736;4288;" "" 4288,  0.99";  0.01;  0.50;" LOST  -0.10"""; ;;;
1292065739;4289;" "" 4289,  0.99";  0.01;  0.50;" LOST  -0.10"""; ;;;
1292066124;4390;" "" 4390,  0.99";  0.01;  0.50;" LOST  -0.10"""; ;;;
1292066127;4391;" "" 4391,  0.99";  0.01;  0.50;" LOST  -0.10"""; ;;;
1292066131;4392;" "" 4392,  0.99";  0.01;  0.50;" LOST  -0.10"""; ;;;
1292066135;4393;" "" 4393,  0.99";  0.01;  0.50;" LOST  -0.10"""; ;3;7;0,428571429
1292066138;4394;" "" 4394,  0.99";  0.01;  0.50;" WON   0.25"""; ;;;
1292066142;4395;" "" 4395,  0.99";  0.01;  0.50;" LOST  -0.10"""; ;;;
1292066146;4396;" "" 4396,  0.99";  0.01;  0.50;" WON   0.10"""; ;;;
1292066149;4397;" "" 4397,  0.99";  0.01;  0.50;" WON   0.10"""; ;;;
1292066153;4398;" "" 4398,  0.99";  0.01;  0.50;" LOST  -0.10"""; ;;;
1292066157;4399;" "" 4399,  0.99";  0.01;  0.50;" LOST  -0.10"""; ;;;
1292066545;4500;" "" 4500,  0.99";  0.01;  0.50;" LOST  -0.10"""; ;;;
1292066549;4501;" "" 4501,  0.99";  0.01;  0.50;" LOST  -0.10"""; ;;;
1292066553;4502;" "" 4502,  0.99";  0.01;  0.50;" LOST  -0.10"""; ;;;
1292066557;4503;" "" 4503,  0.99";  0.01;  0.50;" LOST  -0.10"""; ;0;10;0
1292066561;4504;" "" 4504,  0.99";  0.01;  0.50;" LOST  -0.10"""; ;;;
1292066564;4505;" "" 4505,  0.99";  0.01;  0.50;" LOST  -0.10"""; ;;;
1292066568;4506;" "" 4506,  0.99";  0.01;  0.50;" LOST  -0.10"""; ;;;
1292066572;4507;" "" 4507,  0.99";  0.01;  0.50;" LOST  -0.10"""; ;;;
1292066576;4508;" "" 4508,  0.99";  0.01;  0.50;" LOST  -0.10"""; ;;;
1292066580;4509;" "" 4509,  0.99";  0.01;  0.50;" LOST  -0.10"""; ;;;
1292066964;4610;" "" 4610,  0.99";  0.01;  0.50;" LOST  -0.10"""; ;;;
1292066967;4611;" "" 4611,  0.99";  0.01;  0.50;" WON   0.10"""; ;;;
1292066971;4612;" "" 4612,  0.99";  0.01;  0.50;" LOST  -0.10"""; ;;;
1292066975;4613;" "" 4613,  0.99";  0.01;  0.50;" LOST  -0.10"""; ;3;7;0,428571429
1292066978;4614;" "" 4614,  0.99";  0.01;  0.50;" LOST  -0.10"""; ;;;
1292066982;4615;" "" 4615,  0.99";  0.01;  0.50;" LOST  -0.25"""; ;;;
1292066986;4616;" "" 4616,  0.99";  0.01;  0.50;" LOST  -0.10"""; ;;;
1292066989;4617;" "" 4617,  0.99";  0.01;  0.50;" WON   0.10"""; ;;;
1292066994;4618;" "" 4618,  0.99";  0.01;  0.50;" LOST  -0.10"""; ;;;
1292066998;4619;" "" 4619,  0.99";  0.01;  0.50;" WON   0.10"""; ;;;
1292067388;4720;" "" 4720,  0.99";  0.01;  0.50;" LOST  -0.10"""; ;;;
1292067392;4721;" "" 4721,  0.99";  0.01;  0.50;" LOST  -0.10"""; ;;;
1292067395;4722;" "" 4722,  0.99";  0.01;  0.50;" LOST  -0.10"""; ;;;
1292067399;4723;" "" 4723,  0.99";  0.01;  0.50;" WON   0.10"""; ;2;8;0,25
1292067403;4724;" "" 4724,  0.99";  0.01;  0.50;" WON   0.10"""; ;;;
1292067406;4725;" "" 4725,  0.99";  0.01;  0.50;" LOST  -0.25"""; ;;;
1292067410;4726;" "" 4726,  0.99";  0.01;  0.50;" LOST  -0.10"""; ;;;
1292067413;4727;" "" 4727,  0.99";  0.01;  0.50;" LOST  -0.10"""; ;;;
1292067417;4728;" "" 4728,  0.99";  0.01;  0.50;" LOST   0.00"""; ;;;
1292067421;4729;" "" 4729,  0.99";  0.01;  0.50;" LOST  -0.10"""; ;;;
1292067811;4830;" "" 4830,  0.99";  0.01;  0.50;" LOST  -0.10"""; ;;;
1292067814;4831;" "" 4831,  0.99";  0.01;  0.50;" LOST  -0.25"""; ;;;
1292067818;4832;" "" 4832,  0.99";  0.01;  0.50;" LOST  -0.10"""; ;;;
1292067822;4833;" "" 4833,  0.99";  0.01;  0.50;" LOST  -0.10"""; ;1;9;0,111111111
1292067825;4834;" "" 4834,  0.99";  0.01;  0.50;" WON   0.10"""; ;;;
1292067829;4835;" "" 4835,  0.99";  0.01;  0.50;" LOST  -0.10"""; ;;;
1292067832;4836;" "" 4836,  0.99";  0.01;  0.50;" LOST  -0.10"""; ;;;
1292067836;4837;" "" 4837,  0.99";  0.01;  0.50;" LOST  -0.10"""; ;;;
1292067840;4838;" "" 4838,  0.99";  0.01;  0.50;" LOST  -0.10"""; ;;;
1292067843;4839;" "" 4839,  0.99";  0.01;  0.50;" LOST  -0.10"""; ;;;
1292077439;4940;" "" 4940,  0.99";  0.01;  0.50;" LOST  -0.10"""; ;;;
1292077443;4941;" "" 4941,  0.99";  0.01;  0.50;" LOST  -0.10"""; ;;;
1292077446;4942;" "" 4942,  0.99";  0.01;  0.50;" LOST  -0.10"""; ;;;
1292077450;4943;" "" 4943,  0.99";  0.01;  0.50;" WON   0.10"""; ;2;8;0,25
1292077454;4944;" "" 4944,  0.99";  0.01;  0.50;" LOST  -0.10"""; ;;;
1292077458;4945;" "" 4945,  0.99";  0.01;  0.50;" LOST  -0.10"""; ;;;
1292077462;4946;" "" 4946,  0.99";  0.01;  0.50;" WON   0.10"""; ;;;
1292077466;4947;" "" 4947,  0.99";  0.01;  0.50;" LOST  -0.10"""; ;;;
1292077470;4948;" "" 4948,  0.99";  0.01;  0.50;" LOST  -0.10"""; ;;;
1292077473;4949;" "" 4949,  0.99";  0.01;  0.50;" LOST  -0.10"""; ;;;
1292077879;5050;" "" 5050,  0.99";  0.01;  0.50;" LOST  -0.10"""; ;;;
1292077883;5051;" "" 5051,  0.99";  0.01;  0.50;" LOST  -0.10"""; ;;;
1292077887;5052;" "" 5052,  0.99";  0.01;  0.50;" LOST  -0.10"""; ;;;
1292077891;5053;" "" 5053,  0.99";  0.01;  0.50;" LOST  -0.10"""; ;0;10;0
1292077894;5054;" "" 5054,  0.99";  0.01;  0.50;" LOST  -0.10"""; ;;;
1292077898;5055;" "" 5055,  0.99";  0.01;  0.50;" LOST  -0.10"""; ;;;
1292077902;5056;" "" 5056,  0.99";  0.01;  0.50;" LOST  -0.10"""; ;;;
1292077906;5057;" "" 5057,  0.99";  0.01;  0.50;" LOST  -0.10"""; ;;;
1292077910;5058;" "" 5058,  0.99";  0.01;  0.50;" LOST  -0.10"""; ;;;
1292077914;5059;" "" 5059,  0.99";  0.01;  0.50;" LOST  -0.10"""; ;;;
1292078306;5160;" "" 5160,  0.99";  0.01;  0.50;" WON   0.10"""; ;;;
1292078310;5161;" "" 5161,  0.99";  0.01;  0.50;" LOST  -0.10"""; ;;;
1292078313;5162;" "" 5162,  0.99";  0.01;  0.50;" LOST  -0.40"""; ;;;
1292078317;5163;" "" 5163,  0.99";  0.01;  0.50;" LOST  -0.10"""; ;2;8;0,25
1292078320;5164;" "" 5164,  0.99";  0.01;  0.50;" LOST  -0.10"""; ;;;
1292078324;5165;" "" 5165,  0.99";  0.01;  0.50;" LOST  -0.10"""; ;;;
1292078328;5166;" "" 5166,  0.99";  0.01;  0.50;" WON   0.10"""; ;;;
1292078332;5167;" "" 5167,  0.99";  0.01;  0.50;" LOST   0.00"""; ;;;
1292078335;5168;" "" 5168,  0.99";  0.01;  0.50;" LOST  -0.10"""; ;;;
1292078339;5169;" "" 5169,  0.99";  0.01;  0.50;" LOST  -0.10"""; ;;;
1292078723;5270;" "" 5270,  0.99";  0.01;  0.50;" WON   0.10"""; ;;;
1292078726;5271;" "" 5271,  0.99";  0.01;  0.50;" LOST  -0.10"""; ;;;
1292078730;5272;" "" 5272,  0.99";  0.01;  0.50;" LOST  -0.10"""; ;;;
1292078733;5273;" "" 5273,  0.99";  0.01;  0.50;" LOST  -0.10"""; ;4;6;0,666666667
1292078737;5274;" "" 5274,  0.99";  0.01;  0.50;" WON   0.10"""; ;;;
1292078741;5275;" "" 5275,  0.99";  0.01;  0.50;" WON   0.10"""; ;;;
1292078744;5276;" "" 5276,  0.99";  0.01;  0.50;" WON   0.10"""; ;;;
1292078748;5277;" "" 5277,  0.99";  0.01;  0.50;" LOST  -0.10"""; ;;;
1292078751;5278;" "" 5278,  0.99";  0.01;  0.50;" LOST   0.00"""; ;;;
1292078755;5279;" "" 5279,  0.99";  0.01;  0.50;" LOST  -0.10"""; ;;;
1292079137;5380;" "" 5380,  0.99";  0.01;  0.50;" LOST  -0.10"""; ;;;
1292079141;5381;" "" 5381,  0.99";  0.01;  0.50;" LOST  -0.10"""; ;;;
1292079144;5382;" "" 5382,  0.99";  0.01;  0.50;" LOST   0.00"""; ;;;
1292079148;5383;" "" 5383,  0.99";  0.01;  0.50;" LOST  -0.10"""; ;1;9;0,111111111
1292079152;5384;" "" 5384,  0.99";  0.01;  0.50;" LOST  -0.10"""; ;;;
1292079155;5385;" "" 5385,  0.99";  0.01;  0.50;" LOST  -0.10"""; ;;;
1292079159;5386;" "" 5386,  0.99";  0.01;  0.50;" LOST  -0.10"""; ;;;
1292079163;5387;" "" 5387,  0.99";  0.01;  0.50;" LOST  -0.10"""; ;;;
1292079166;5388;" "" 5388,  0.99";  0.01;  0.50;" WON   0.10"""; ;;;
1292079170;5389;" "" 5389,  0.99";  0.01;  0.50;" LOST  -0.10"""; ;;;
